BEGIN;

INSERT INTO book (book_id, name, numChapters, part_id, prettyEng, prev_book_id, prev_book_name, prev_book_num_chapters, next_book_id, next_book_name, next_book_num_chapters) VALUES (1, 'yehoshua', 24, 1, 'Yehoshua', null, null, null, 2, 'shofetim', 21);
INSERT INTO book (book_id, name, numChapters, part_id, prettyEng, prev_book_id, prev_book_name, prev_book_num_chapters, next_book_id, next_book_name, next_book_num_chapters) VALUES (2, 'shofetim', 21, 1, 'Shofetim', 1, 'yehoshua', 24, 3, 'shemuel1', 31);
INSERT INTO book (book_id, name, numChapters, part_id, prettyEng, prev_book_id, prev_book_name, prev_book_num_chapters, next_book_id, next_book_name, next_book_num_chapters) VALUES (3, 'shemuel1', 31, 1, 'Shemuel 1', 2, 'shofetim', 21, 4, 'shemuel2', 24);
INSERT INTO book (book_id, name, numChapters, part_id, prettyEng, prev_book_id, prev_book_name, prev_book_num_chapters, next_book_id, next_book_name, next_book_num_chapters) VALUES (4, 'shemuel2', 24, 1, 'Shemuel 2', 3, 'shemuel1', 31, 5, 'melachim1', 22);
INSERT INTO book (book_id, name, numChapters, part_id, prettyEng, prev_book_id, prev_book_name, prev_book_num_chapters, next_book_id, next_book_name, next_book_num_chapters) VALUES (5, 'melachim1', 22, 1, 'Melachim 1', 4, 'shemuel2', 24, 6, 'melachim2', 25);
INSERT INTO book (book_id, name, numChapters, part_id, prettyEng, prev_book_id, prev_book_name, prev_book_num_chapters, next_book_id, next_book_name, next_book_num_chapters) VALUES (6, 'melachim2', 25, 1, 'Melachim 2', 5, 'melachim1', 22, 7, 'yeshayahu', 66);
INSERT INTO book (book_id, name, numChapters, part_id, prettyEng, prev_book_id, prev_book_name, prev_book_num_chapters, next_book_id, next_book_name, next_book_num_chapters) VALUES (7, 'yeshayahu', 66, 2, 'Yeshayahu', 6, 'melachim2', 25, 8, 'yirmiyahu', 52);
INSERT INTO book (book_id, name, numChapters, part_id, prettyEng, prev_book_id, prev_book_name, prev_book_num_chapters, next_book_id, next_book_name, next_book_num_chapters) VALUES (8, 'yirmiyahu', 52, 2, 'Yirmiyahu', 7, 'yeshayahu', 66, 9, 'yehezkel', 48);
INSERT INTO book (book_id, name, numChapters, part_id, prettyEng, prev_book_id, prev_book_name, prev_book_num_chapters, next_book_id, next_book_name, next_book_num_chapters) VALUES (9, 'yehezkel', 48, 2, 'Yehezkel', 8, 'yirmiyahu', 52, 10, 'hoshea', 14);
INSERT INTO book (book_id, name, numChapters, part_id, prettyEng, prev_book_id, prev_book_name, prev_book_num_chapters, next_book_id, next_book_name, next_book_num_chapters) VALUES (10, 'hoshea', 14, 3, 'Hoshea', 9, 'yehezkel', 48, 11, 'yoel', 4);
INSERT INTO book (book_id, name, numChapters, part_id, prettyEng, prev_book_id, prev_book_name, prev_book_num_chapters, next_book_id, next_book_name, next_book_num_chapters) VALUES (11, 'yoel', 4, 3, 'Yoel', 10, 'hoshea', 14, 12, 'amos', 9);
INSERT INTO book (book_id, name, numChapters, part_id, prettyEng, prev_book_id, prev_book_name, prev_book_num_chapters, next_book_id, next_book_name, next_book_num_chapters) VALUES (12, 'amos', 9, 3, 'Amos', 11, 'yoel', 4, 13, 'ovadia', 1);
INSERT INTO book (book_id, name, numChapters, part_id, prettyEng, prev_book_id, prev_book_name, prev_book_num_chapters, next_book_id, next_book_name, next_book_num_chapters) VALUES (13, 'ovadia', 1, 3, 'Ovadia', 12, 'amos', 9, 12, 'yonah', 4);
INSERT INTO book (book_id, name, numChapters, part_id, prettyEng, prev_book_id, prev_book_name, prev_book_num_chapters, next_book_id, next_book_name, next_book_num_chapters) VALUES (14, 'yonah', 4, 3, 'Yonah', 13, 'ovadia', 1, 14, 'michah', 7);
INSERT INTO book (book_id, name, numChapters, part_id, prettyEng, prev_book_id, prev_book_name, prev_book_num_chapters, next_book_id, next_book_name, next_book_num_chapters) VALUES (15, 'michah', 7, 3, 'Michah', 14, 'yonah', 4, 15, 'nahum', 3);
INSERT INTO book (book_id, name, numChapters, part_id, prettyEng, prev_book_id, prev_book_name, prev_book_num_chapters, next_book_id, next_book_name, next_book_num_chapters) VALUES (16, 'nahum', 3, 3, 'Nahum', 15, 'michah', 7, 16, 'habakuk', 3);
INSERT INTO book (book_id, name, numChapters, part_id, prettyEng, prev_book_id, prev_book_name, prev_book_num_chapters, next_book_id, next_book_name, next_book_num_chapters) VALUES (17, 'habakuk', 3, 3, 'Habakuk', 16, 'nahum', 3, 17, 'sephania', 3);
INSERT INTO book (book_id, name, numChapters, part_id, prettyEng, prev_book_id, prev_book_name, prev_book_num_chapters, next_book_id, next_book_name, next_book_num_chapters) VALUES (18, 'sephania', 3, 3, 'Sephania', 17, 'habakuk', 3, 18, 'hagai', 2);
INSERT INTO book (book_id, name, numChapters, part_id, prettyEng, prev_book_id, prev_book_name, prev_book_num_chapters, next_book_id, next_book_name, next_book_num_chapters) VALUES (19, 'hagai', 2, 3, 'Hagai', 18, 'sephania', 3, 20, 'zecharia', 14);
INSERT INTO book (book_id, name, numChapters, part_id, prettyEng, prev_book_id, prev_book_name, prev_book_num_chapters, next_book_id, next_book_name, next_book_num_chapters) VALUES (20, 'zecharia', 14, 3, 'Zecharia', 19, 'hagai', 2, 21, 'malachi', 14);
INSERT INTO book (book_id, name, numChapters, part_id, prettyEng, prev_book_id, prev_book_name, prev_book_num_chapters, next_book_id, next_book_name, next_book_num_chapters) VALUES (21, 'malachi', 14, 3, 'Malachi', 20, 'zecharia', 14, 22, 'divrehayamim1', 29);
INSERT INTO book (book_id, name, numChapters, part_id, prettyEng, prev_book_id, prev_book_name, prev_book_num_chapters, next_book_id, next_book_name, next_book_num_chapters) VALUES (22, 'divrehayamim1', 29, 4, 'Divre Hayamim 1', 21, 'malachi', 14, 23, 'divrehayamim2', 36);
INSERT INTO book (book_id, name, numChapters, part_id, prettyEng, prev_book_id, prev_book_name, prev_book_num_chapters, next_book_id, next_book_name, next_book_num_chapters) VALUES (23, 'divrehayamim2', 36, 4, 'Divre Hayamim 2', 22, 'divrehayamim1', 29, 24, 'tehillim', 150);
INSERT INTO book (book_id, name, numChapters, part_id, prettyEng, prev_book_id, prev_book_name, prev_book_num_chapters, next_book_id, next_book_name, next_book_num_chapters) VALUES (24, 'tehillim', 150, 4, 'Tehillim', 23, 'divrehayamim2', 36, 25, 'mishle', 31);
INSERT INTO book (book_id, name, numChapters, part_id, prettyEng, prev_book_id, prev_book_name, prev_book_num_chapters, next_book_id, next_book_name, next_book_num_chapters) VALUES (25, 'mishle', 31, 4, 'Mishle', 24, 'tehillim', 150, 26, 'iyov', 42);
INSERT INTO book (book_id, name, numChapters, part_id, prettyEng, prev_book_id, prev_book_name, prev_book_num_chapters, next_book_id, next_book_name, next_book_num_chapters) VALUES (26, 'iyov', 42, 4, 'Iyov', 25, 'mishle', 31, 27, 'shirhashirim', 8);
INSERT INTO book (book_id, name, numChapters, part_id, prettyEng, prev_book_id, prev_book_name, prev_book_num_chapters, next_book_id, next_book_name, next_book_num_chapters) VALUES (27, 'shirhashirim', 8, 4, 'Shir Hashirim', 26, 'iyov', 42, 28, 'ruth', 4);
INSERT INTO book (book_id, name, numChapters, part_id, prettyEng, prev_book_id, prev_book_name, prev_book_num_chapters, next_book_id, next_book_name, next_book_num_chapters) VALUES (28, 'ruth', 4, 4, 'Ruth', 27, 'shirhashirim', 8, 29, 'eichah', 5);
INSERT INTO book (book_id, name, numChapters, part_id, prettyEng, prev_book_id, prev_book_name, prev_book_num_chapters, next_book_id, next_book_name, next_book_num_chapters) VALUES (29, 'eichah', 5, 4, 'Eichah', 28, 'ruth', 4, 30, 'kohelet', 12);
INSERT INTO book (book_id, name, numChapters, part_id, prettyEng, prev_book_id, prev_book_name, prev_book_num_chapters, next_book_id, next_book_name, next_book_num_chapters) VALUES (30, 'kohelet', 12, 4, 'Kohelet', 29, 'eichah', 5, 31, 'esther', 10);
INSERT INTO book (book_id, name, numChapters, part_id, prettyEng, prev_book_id, prev_book_name, prev_book_num_chapters, next_book_id, next_book_name, next_book_num_chapters) VALUES (31, 'esther', 10, 4, 'Esther', 30, 'kohelet', 12, 32, 'daniel', 12);
INSERT INTO book (book_id, name, numChapters, part_id, prettyEng, prev_book_id, prev_book_name, prev_book_num_chapters, next_book_id, next_book_name, next_book_num_chapters) VALUES (32, 'daniel', 12, 4, 'Daniel', 31, 'esther', 10, 33, 'ezra', 10);
INSERT INTO book (book_id, name, numChapters, part_id, prettyEng, prev_book_id, prev_book_name, prev_book_num_chapters, next_book_id, next_book_name, next_book_num_chapters) VALUES (33, 'ezra', 10, 4, 'Ezra', 32, 'daniel', 12, 34, 'nehemya', 13);
INSERT INTO book (book_id, name, numChapters, part_id, prettyEng, prev_book_id, prev_book_name, prev_book_num_chapters, next_book_id, next_book_name, next_book_num_chapters) VALUES (34, 'nehemyah', 13, 4, 'Nehemya', 33, 'ezra', 10, null, null, null);

COMMIT;

BEGIN;

INSERT INTO book_teacher (book_id, teacher_id) VALUES (1, 1001);
INSERT INTO book_teacher (book_id, teacher_id) VALUES (2, 1002);
INSERT INTO book_teacher (book_id, teacher_id) VALUES (3, 1003);
INSERT INTO book_teacher (book_id, teacher_id) VALUES (4, 1003);
INSERT INTO book_teacher (book_id, teacher_id) VALUES (5, 1004);
INSERT INTO book_teacher (book_id, teacher_id) VALUES (6, 1005);
INSERT INTO book_teacher (book_id, teacher_id) VALUES (7, 1006);
INSERT INTO book_teacher (book_id, teacher_id) VALUES (8, 1007);
INSERT INTO book_teacher (book_id, teacher_id) VALUES (9, 1008);
INSERT INTO book_teacher (book_id, teacher_id) VALUES (10, 1009);
INSERT INTO book_teacher (book_id, teacher_id) VALUES (11, 1009);
INSERT INTO book_teacher (book_id, teacher_id) VALUES (12, 1010);
INSERT INTO book_teacher (book_id, teacher_id) VALUES (13, 1009);
INSERT INTO book_teacher (book_id, teacher_id) VALUES (14, 1009);
INSERT INTO book_teacher (book_id, teacher_id) VALUES (15, 1011);
INSERT INTO book_teacher (book_id, teacher_id) VALUES (16, 1011);
INSERT INTO book_teacher (book_id, teacher_id) VALUES (17, 1012);
INSERT INTO book_teacher (book_id, teacher_id) VALUES (18, 1009);
INSERT INTO book_teacher (book_id, teacher_id) VALUES (19, 1009);
INSERT INTO book_teacher (book_id, teacher_id) VALUES (20, 1013);
INSERT INTO book_teacher (book_id, teacher_id) VALUES (21, 1014);
INSERT INTO book_teacher (book_id, teacher_id) VALUES (22, 1015);
INSERT INTO book_teacher (book_id, teacher_id) VALUES (23, 1015);
INSERT INTO book_teacher (book_id, teacher_id) VALUES (24, 1016);
INSERT INTO book_teacher (book_id, teacher_id) VALUES (24, 1017);
INSERT INTO book_teacher (book_id, teacher_id) VALUES (24, 1018);
INSERT INTO book_teacher (book_id, teacher_id) VALUES (24, 1019);
INSERT INTO book_teacher (book_id, teacher_id) VALUES (24, 1020);
INSERT INTO book_teacher (book_id, teacher_id) VALUES (24, 1021);
INSERT INTO book_teacher (book_id, teacher_id) VALUES (24, 1001);
INSERT INTO book_teacher (book_id, teacher_id) VALUES (24, 1022);
INSERT INTO book_teacher (book_id, teacher_id) VALUES (25, 1023);
INSERT INTO book_teacher (book_id, teacher_id) VALUES (25, 1024);
INSERT INTO book_teacher (book_id, teacher_id) VALUES (26, 1015);
INSERT INTO book_teacher (book_id, teacher_id) VALUES (27, 1001);
INSERT INTO book_teacher (book_id, teacher_id) VALUES (28, 1025);
INSERT INTO book_teacher (book_id, teacher_id) VALUES (29, 1026);
INSERT INTO book_teacher (book_id, teacher_id) VALUES (30, 1026);
INSERT INTO book_reader (book_id, reader_id) VALUES (1, 2001);
INSERT INTO book_reader (book_id, reader_id) VALUES (2, 2001);
INSERT INTO book_reader (book_id, reader_id) VALUES (3, 2001);
INSERT INTO book_reader (book_id, reader_id) VALUES (4, 2001);
INSERT INTO book_reader (book_id, reader_id) VALUES (5, 2001);
INSERT INTO book_reader (book_id, reader_id) VALUES (6, 2001);
INSERT INTO book_reader (book_id, reader_id) VALUES (7, 2001);
INSERT INTO book_reader (book_id, reader_id) VALUES (8, 2001);
INSERT INTO book_reader (book_id, reader_id) VALUES (9, 2001);
INSERT INTO book_reader (book_id, reader_id) VALUES (10, 2001);
INSERT INTO book_reader (book_id, reader_id) VALUES (11, 2001);
INSERT INTO book_reader (book_id, reader_id) VALUES (12, 2001);
INSERT INTO book_reader (book_id, reader_id) VALUES (13, 2001);
INSERT INTO book_reader (book_id, reader_id) VALUES (14, 2001);
INSERT INTO book_reader (book_id, reader_id) VALUES (15, 2001);
INSERT INTO book_reader (book_id, reader_id) VALUES (16, 2001);
INSERT INTO book_reader (book_id, reader_id) VALUES (17, 2001);
INSERT INTO book_reader (book_id, reader_id) VALUES (18, 2001);
INSERT INTO book_reader (book_id, reader_id) VALUES (19, 2001);
INSERT INTO book_reader (book_id, reader_id) VALUES (20, 2001);
INSERT INTO book_reader (book_id, reader_id) VALUES (21, 2001);
INSERT INTO book_reader (book_id, reader_id) VALUES (22, 2001);
INSERT INTO book_reader (book_id, reader_id) VALUES (23, 2001);
INSERT INTO book_reader (book_id, reader_id) VALUES (24, 2001);
INSERT INTO book_reader (book_id, reader_id) VALUES (25, 2001);
INSERT INTO book_reader (book_id, reader_id) VALUES (26, 2001);
INSERT INTO book_reader (book_id, reader_id) VALUES (27, 2001);
INSERT INTO book_reader (book_id, reader_id) VALUES (28, 2001);
INSERT INTO book_reader (book_id, reader_id) VALUES (29, 2001);
INSERT INTO book_reader (book_id, reader_id) VALUES (30, 2001);
INSERT INTO book_reader (book_id, reader_id) VALUES (31, 2001);
INSERT INTO book_reader (book_id, reader_id) VALUES (32, 2001);
INSERT INTO book_reader (book_id, reader_id) VALUES (33, 2001);
INSERT INTO book_reader (book_id, reader_id) VALUES (34, 2001);

COMMIT;
