BEGIN;

INSERT INTO book (book_id, name, numChapters, part_id, prettyEng) VALUES (1, 'yehoshua', 24, 1, 'Yehoshua');
INSERT INTO book (book_id, name, numChapters, part_id, prettyEng) VALUES (2, 'shofetim', 21, 1, 'Shofetim');
INSERT INTO book (book_id, name, numChapters, part_id, prettyEng) VALUES (3, 'shemuel1', 31, 1, 'Shemuel 1');
INSERT INTO book (book_id, name, numChapters, part_id, prettyEng) VALUES (4, 'shemuel2', 24, 1, 'Shemuel 2');
INSERT INTO book (book_id, name, numChapters, part_id, prettyEng) VALUES (5, 'melachim1', 22, 1, 'Melachim 1');
INSERT INTO book (book_id, name, numChapters, part_id, prettyEng) VALUES (6, 'melachim2', 25, 1, 'Melachim 2');
INSERT INTO book (book_id, name, numChapters, part_id, prettyEng) VALUES (7, 'yeshayahu', 66, 2, 'Yeshayahu');
INSERT INTO book (book_id, name, numChapters, part_id, prettyEng) VALUES (8, 'yirmiyahu', 52, 2, 'Yirmiyahu');
INSERT INTO book (book_id, name, numChapters, part_id, prettyEng) VALUES (9, 'yehezkel', 48, 2, 'Yehezkel');
INSERT INTO book (book_id, name, numChapters, part_id, prettyEng) VALUES (10, 'hoshea', 14, 3, 'Hoshea');
INSERT INTO book (book_id, name, numChapters, part_id, prettyEng) VALUES (11, 'yoel', 4, 3, 'Yoel');
INSERT INTO book (book_id, name, numChapters, part_id, prettyEng) VALUES (12, 'amos', 9, 3, 'Amos');
INSERT INTO book (book_id, name, numChapters, part_id, prettyEng) VALUES (13, 'ovadia', 1, 3, 'Ovadia');
INSERT INTO book (book_id, name, numChapters, part_id, prettyEng) VALUES (14, 'yonah', 4, 3, 'Yonah');
INSERT INTO book (book_id, name, numChapters, part_id, prettyEng) VALUES (15, 'michah', 7, 3, 'Michah');
INSERT INTO book (book_id, name, numChapters, part_id, prettyEng) VALUES (16, 'nahum', 3, 3, 'Nahum');
INSERT INTO book (book_id, name, numChapters, part_id, prettyEng) VALUES (17, 'habakuk', 3, 3, 'Habakuk');
INSERT INTO book (book_id, name, numChapters, part_id, prettyEng) VALUES (18, 'sephania', 3, 3, 'Sephania');
INSERT INTO book (book_id, name, numChapters, part_id, prettyEng) VALUES (19, 'hagai', 2, 3, 'Hagai');
INSERT INTO book (book_id, name, numChapters, part_id, prettyEng) VALUES (20, 'zecharia', 14, 3, 'Zecharia');
INSERT INTO book (book_id, name, numChapters, part_id, prettyEng) VALUES (21, 'malachi', 14, 3, 'Malachi');
INSERT INTO book (book_id, name, numChapters, part_id, prettyEng) VALUES (22, 'divrehayamim1', 29, 4, 'Divre Hayamim 1');
INSERT INTO book (book_id, name, numChapters, part_id, prettyEng) VALUES (23, 'divrehayamim2', 36, 4, 'Divre Hayamim 2');
INSERT INTO book (book_id, name, numChapters, part_id, prettyEng) VALUES (24, 'tehillim', 150, 4, 'Tehillim');
INSERT INTO book (book_id, name, numChapters, part_id, prettyEng) VALUES (25, 'mishle', 31, 4, 'Mishle');
INSERT INTO book (book_id, name, numChapters, part_id, prettyEng) VALUES (26, 'iyov', 42, 4, 'Iyov');
INSERT INTO book (book_id, name, numChapters, part_id, prettyEng) VALUES (27, 'shirhashirim', 8, 4, 'Shir Hashirim');
INSERT INTO book (book_id, name, numChapters, part_id, prettyEng) VALUES (28, 'ruth', 4, 4, 'Ruth');
INSERT INTO book (book_id, name, numChapters, part_id, prettyEng) VALUES (29, 'eichah', 5, 4, 'Eichah');
INSERT INTO book (book_id, name, numChapters, part_id, prettyEng) VALUES (30, 'kohelet', 12, 4, 'Kohelet');
INSERT INTO book (book_id, name, numChapters, part_id, prettyEng) VALUES (31, 'esther', 10, 4, 'Esther');
INSERT INTO book (book_id, name, numChapters, part_id, prettyEng) VALUES (32, 'daniel', 12, 4, 'Daniel');
INSERT INTO book (book_id, name, numChapters, part_id, prettyEng) VALUES (33, 'ezra', 10, 4, 'Ezra');
INSERT INTO book (book_id, name, numChapters, part_id, prettyEng) VALUES (34, 'nehemyah', 13, 4, 'Nehemya');

COMMIT;

BEGIN;

INSERT INTO book_teacher (book_id, teacher_id) VALUES (1, 1001);
INSERT INTO book_teacher (book_id, teacher_id) VALUES (2, 1002);
INSERT INTO book_teacher (book_id, teacher_id) VALUES (3, 1003);
INSERT INTO book_teacher (book_id, teacher_id) VALUES (4, 1003);
INSERT INTO book_teacher (book_id, teacher_id) VALUES (5, 1004);
INSERT INTO book_teacher (book_id, teacher_id) VALUES (6, 1005);
INSERT INTO book_teacher (book_id, teacher_id) VALUES (7, 1006);
INSERT INTO book_teacher (book_id, teacher_id) VALUES (8, 1007);
INSERT INTO book_teacher (book_id, teacher_id) VALUES (9, 1008);
INSERT INTO book_teacher (book_id, teacher_id) VALUES (10, 1009);
INSERT INTO book_teacher (book_id, teacher_id) VALUES (11, 1009);
INSERT INTO book_teacher (book_id, teacher_id) VALUES (12, 1010);
INSERT INTO book_teacher (book_id, teacher_id) VALUES (13, 1009);
INSERT INTO book_teacher (book_id, teacher_id) VALUES (14, 1009);
INSERT INTO book_teacher (book_id, teacher_id) VALUES (15, 1011);
INSERT INTO book_teacher (book_id, teacher_id) VALUES (16, 1011);
INSERT INTO book_teacher (book_id, teacher_id) VALUES (17, 1012);
INSERT INTO book_teacher (book_id, teacher_id) VALUES (18, 1009);
INSERT INTO book_teacher (book_id, teacher_id) VALUES (19, 1009);
INSERT INTO book_teacher (book_id, teacher_id) VALUES (20, 1013);
INSERT INTO book_teacher (book_id, teacher_id) VALUES (21, 1014);
INSERT INTO book_teacher (book_id, teacher_id) VALUES (22, 1015);
INSERT INTO book_teacher (book_id, teacher_id) VALUES (23, 1015);
INSERT INTO book_teacher (book_id, teacher_id) VALUES (24, 1016);
INSERT INTO book_teacher (book_id, teacher_id) VALUES (24, 1017);
INSERT INTO book_teacher (book_id, teacher_id) VALUES (24, 1018);
INSERT INTO book_teacher (book_id, teacher_id) VALUES (24, 1019);
INSERT INTO book_teacher (book_id, teacher_id) VALUES (24, 1020);
INSERT INTO book_teacher (book_id, teacher_id) VALUES (24, 1021);
INSERT INTO book_teacher (book_id, teacher_id) VALUES (24, 1001);
INSERT INTO book_teacher (book_id, teacher_id) VALUES (24, 1022);
INSERT INTO book_teacher (book_id, teacher_id) VALUES (25, 1023);
INSERT INTO book_teacher (book_id, teacher_id) VALUES (25, 1024);
INSERT INTO book_teacher (book_id, teacher_id) VALUES (26, 1015);
INSERT INTO book_reader (book_id, reader_id) VALUES (1, 2001);
INSERT INTO book_reader (book_id, reader_id) VALUES (2, 2001);
INSERT INTO book_reader (book_id, reader_id) VALUES (3, 2001);
INSERT INTO book_reader (book_id, reader_id) VALUES (4, 2001);
INSERT INTO book_reader (book_id, reader_id) VALUES (5, 2001);
INSERT INTO book_reader (book_id, reader_id) VALUES (6, 2001);
INSERT INTO book_reader (book_id, reader_id) VALUES (7, 2001);
INSERT INTO book_reader (book_id, reader_id) VALUES (8, 2001);
INSERT INTO book_reader (book_id, reader_id) VALUES (9, 2001);
INSERT INTO book_reader (book_id, reader_id) VALUES (10, 2001);
INSERT INTO book_reader (book_id, reader_id) VALUES (11, 2001);
INSERT INTO book_reader (book_id, reader_id) VALUES (12, 2001);
INSERT INTO book_reader (book_id, reader_id) VALUES (13, 2001);
INSERT INTO book_reader (book_id, reader_id) VALUES (14, 2001);
INSERT INTO book_reader (book_id, reader_id) VALUES (15, 2001);
INSERT INTO book_reader (book_id, reader_id) VALUES (16, 2001);
INSERT INTO book_reader (book_id, reader_id) VALUES (17, 2001);
INSERT INTO book_reader (book_id, reader_id) VALUES (18, 2001);
INSERT INTO book_reader (book_id, reader_id) VALUES (19, 2001);
INSERT INTO book_reader (book_id, reader_id) VALUES (20, 2001);
INSERT INTO book_reader (book_id, reader_id) VALUES (21, 2001);
INSERT INTO book_reader (book_id, reader_id) VALUES (22, 2001);
INSERT INTO book_reader (book_id, reader_id) VALUES (23, 2001);
INSERT INTO book_reader (book_id, reader_id) VALUES (24, 2001);
INSERT INTO book_reader (book_id, reader_id) VALUES (25, 2001);
INSERT INTO book_reader (book_id, reader_id) VALUES (26, 2001);
INSERT INTO book_reader (book_id, reader_id) VALUES (27, 2001);
INSERT INTO book_reader (book_id, reader_id) VALUES (28, 2001);
INSERT INTO book_reader (book_id, reader_id) VALUES (29, 2001);
INSERT INTO book_reader (book_id, reader_id) VALUES (30, 2001);
INSERT INTO book_reader (book_id, reader_id) VALUES (31, 2001);
INSERT INTO book_reader (book_id, reader_id) VALUES (32, 2001);
INSERT INTO book_reader (book_id, reader_id) VALUES (33, 2001);
INSERT INTO book_reader (book_id, reader_id) VALUES (34, 2001);

COMMIT;
